Workbook

Sheet 기본정보
A1: 기본정보ID | B1: 모니터링 차수 | C1: 시작일자 | D1: 종료일자 | E1: 장소1 | F1: 장소2 | G1: 장소3 | H1: 트랩번호 | I1: 도면종류 | J1: X좌표 | K1: Y좌표 | L1: 트랩유형 | M1: 조사기관
A2: data_0001 | B2: 모니터링 1차 | C2: 2026-03-12 | D2: 2026-05-11 | E2: 부산박물관 | F2: 지하1층 | G2: 전실 1 | H2: C01 | I2: 1층 | J2: 256.321 | K2: 258.757 | L2: C트랩 | M2: 모던헤리티지
A3: data_0002 | B3: 모니터링 1차 | C3: 2026-03-12 | D3: 2026-05-11 | E3: 부산박물관 | F3: 지하1층 | G3: 전실 1 | H3: C02 | I3: 1층 | J3: 256.3204 | K3: 276.00703 | L3: C트랩 | M3: 모던헤리티지
A4: data_0003 | B4: 모니터링 1차 | C4: 2026-03-12 | D4: 2026-05-11 | E4: 부산박물관 | F4: 지하1층 | G4: 수장고 3 | H4: C03 | I4: 1층 | J4: 232.26153 | K4: 312.65871 | L4: C트랩 | M4: 모던헤리티지
A5: data_0004 | B5: 모니터링 1차 | C5: 2026-03-12 | D5: 2026-05-11 | E5: 부산박물관 | F5: 지하1층 | G5: 수장고 3 | H5: C04 | I5: 1층 | J5: 232.26153 | K5: 366.49181 | L5: C트랩 | M5: 모던헤리티지
A6: data_0005 | B6: 모니터링 1차 | C6: 2026-03-12 | D6: 2026-05-11 | E6: 부산박물관 | F6: 지하1층 | G6: 수장고 3 | H6: C05 | I6: 1층 | J6: 329.34257 | K6: 366.49181 | L6: C트랩 | M6: 모던헤리티지
A7: data_0006 | B7: 모니터링 1차 | C7: 2026-03-12 | D7: 2026-05-11 | E7: 부산박물관 | F7: 지하1층 | G7: 수장고 3 | H7: C06 | I7: 1층 | J7: 447.96917 | K7: 366.49181 | L7: C트랩 | M7: 모던헤리티지
A8: data_0007 | B8: 모니터링 1차 | C8: 2026-03-12 | D8: 2026-05-11 | E8: 부산박물관 | F8: 지하1층 | G8: 수장고 3 | H8: C07 | I8: 1층 | J8: 447.96917 | K8: 332.69368 | L8: C트랩 | M8: 모던헤리티지
A9: data_0008 | B9: 모니터링 1차 | C9: 2026-03-12 | D9: 2026-05-11 | E9: 부산박물관 | F9: 지하1층 | G9: 수장고 3 | H9: C08 | I9: 1층 | J9: 447.96917 | K9: 286.08855 | L9: C트랩 | M9: 모던헤리티지
A10: data_0009 | B10: 모니터링 1차 | C10: 2026-03-12 | D10: 2026-05-11 | E10: 부산박물관 | F10: 지하1층 | G10: 수장고 3 | H10: C09 | I10: 1층 | J10: 385.304 | K10: 286.08855 | L10: C트랩 | M10: 모던헤리티지
A11: data_0010 | B11: 모니터링 1차 | C11: 2026-03-12 | D11: 2026-05-11 | E11: 부산박물관 | F11: 지하1층 | G11: 수장고 3 | H11: C10 | I11: 1층 | J11: 319.81191 | K11: 286.08855 | L11: C트랩 | M11: 모던헤리티지
A12: data_0011 | B12: 모니터링 1차 | C12: 2026-03-12 | D12: 2026-05-11 | E12: 부산박물관 | F12: 지하1층 | G12: 수장고 3 | H12: C11 | I12: 1층 | J12: 319.81191 | K12: 305.16542 | L12: C트랩 | M12: 모던헤리티지
A13: data_0012 | B13: 모니터링 1차 | C13: 2026-03-12 | D13: 2026-05-11 | E13: 부산박물관 | F13: 지하1층 | G13: 수장고 3 | H13: C12 | I13: 1층 | J13: 253.90089 | K13: 312.65871 | L13: C트랩 | M13: 모던헤리티지
... A65: data_0064 | B65: 모니터링 1차 | C65: 2026-03-12 | D65: 2026-05-11 | E65: 부산박물관 | F65: 지하1층 | G65: 복도 | H65: F04 | I65: 1층 | J65: 319.42163 | K65: 185.09234 | L65: F트랩 | M65: 모던헤리티지

Sheet 모니터링결과
A1: 기본정보ID | B1: 모니터링결과ID | C1: 국가생물종목록ID | D1: 모니터링 차수 | E1: 트랩번호 | F1: 도면종류 | G1: X좌표 | H1: Y좌표 | I1: 순번 | J1: 시작일자 | K1: 종료일자 | L1: 장소1 | M1: 장소2 | N1: 장소3 | O1: 강 | P1: 목 | Q1: 과 | R1: 국명 | S1: 학명 | T1: 유해생물 유형 | U1: 개체수 | V1: 트랩 유형 | W1: 조사기관 | X1: 해충사진
A2: data_0001 | B2: a7730e50 | C2: 5580002 | D2: 모니터링 1차 | E2: C01 | F2: 1층 | G2: 256.321 | H2: 258.757 | I2: 1 | J2: 2026-03-12 | K2: 2026-05-11 | L2: 부산박물관 | M2: 지하1층 | N2: 전실 1 | O2: 거미강 | P2: 거미목 | Q2: 꼬마거미과 | R2: 꼬마거미류 | S2: Theridiida sp. | T2: 간접가해해충 | U2: 2
A3: data_0003 | B3: 1c464e24 | C3: 5580002 | D3: 모니터링 1차 | E3: C03 | F3: 1층 | G3: 232.26153 | H3: 312.65871 | I3: 1 | J3: 2026-03-12 | K3: 2026-05-11 | L3: 부산박물관 | M3: 지하1층 | N3: 수장고 3 | O3: 거미강 | P3: 거미목 | Q3: 꼬마거미과 | R3: 꼬마거미류 | S3: Theridiida sp. | T3: 간접가해해충 | U3: 1
A4: data_0012 | B4: 8c06f51c | C4: 5580002 | D4: 모니터링 1차 | E4: C12 | F4: 1층 | G4: 253.90089 | H4: 312.65871 | I4: 1 | J4: 2026-03-12 | K4: 2026-05-11 | L4: 부산박물관 | M4: 지하1층 | N4: 수장고 3 | O4: 거미강 | P4: 거미목 | Q4: 꼬마거미과 | R4: 꼬마거미류 | S4: Theridiida sp. | T4: 간접가해해충 | U4: 1
A5: data_0012 | B5: 12be2d29 | C5: 5580001 | D5: 모니터링 1차 | E5: C12 | F5: 1층 | G5: 253.90089 | H5: 312.65871 | I5: 2 | J5: 2026-03-12 | K5: 2026-05-11 | L5: 부산박물관 | M5: 지하1층 | N5: 수장고 3 | O5: 곤충강 | P5: 파리목 | Q5: 나방파리과 | R5: 나방파리류 | S5: psychoda sp. | T5: 위생해충 | U5: 1
A6: data_0020 | B6: 2f8d9355 | C6: 5580003 | D6: 모니터링 1차 | E6: C20 | F6: 1층 | G6: 212.13055 | H6: 267.01169 | I6: 1 | J6: 2026-03-12 | K6: 2026-05-11 | L6: 부산박물관 | M6: 지하1층 | N6: 수장고 2 | O6: 곤충강 | P6: 다듬이벌레목 | R6: 다듬이벌레류 | S6: psocodea spp. | T6: 직접가해해충 | U6: 6
A7: data_0025 | B7: 947ae121 | C7: 5580003 | D7: 모니터링 1차 | E7: C25 | F7: 1층 | G7: 48.174459 | H7: 365.83636 | I7: 1 | J7: 2026-03-12 | K7: 2026-05-11 | L7: 부산박물관 | M7: 지하1층 | N7: 수장고 2 | O7: 곤충강 | P7: 다듬이벌레목 | R7: 다듬이벌레류 | S7: psocodea spp. | T7: 직접가해해충 | U7: 1
A8: data_0034 | B8: 8a3a39f7 | C8: 5580002 | D8: 모니터링 1차 | E8: C34 | F8: 1층 | G8: 290.76116 | H8: 196.07883 | I8: 1 | J8: 2026-03-12 | K8: 2026-05-11 | L8: 부산박물관 | M8: 지하1층 | N8: 전실 1 | O8: 거미강 | P8: 거미목 | Q8: 꼬마거미과 | R8: 꼬마거미류 | S8: Theridiida sp. | T8: 간접가해해충 | U8: 1
A9: data_0034 | B9: ccbd238e | C9: 5580001 | D9: 모니터링 1차 | E9: C34 | F9: 1층 | G9: 290.76116 | H9: 196.07883 | I9: 2 | J9: 2026-03-12 | K9: 2026-05-11 | L9: 부산박물관 | M9: 지하1층 | N9: 전실 1 | O9: 곤충강 | P9: 파리목 | Q9: 나방파리과 | R9: 나방파리류 | S9: psychoda sp. | T9: 위생해충 | U9: 1
A10: data_0034 | B10: 2f0c51f9 | C10: 5580003 | D10: 모니터링 1차 | E10: C34 | F10: 1층 | G10: 290.76116 | H10: 196.07883 | I10: 3 | J10: 2026-03-12 | K10: 2026-05-11 | L10: 부산박물관 | M10: 지하1층 | N10: 전실 1 | O10: 곤충강 | P10: 다듬이벌레목 | R10: 다듬이벌레류 | S10: psocodea spp. | T10: 직접가해해충 | U10: 2
A11: data_0035 | B11: e2cf81f3 | C11: 5580003 | D11: 모니터링 1차 | E11: C35 | F11: 1층 | G11: 290.76116 | H11: 174.10584 | I11: 1 | J11: 2026-03-12 | K11: 2026-05-11 | L11: 부산박물관 | M11: 지하1층 | N11: 전실 1 | O11: 곤충강 | P11: 다듬이벌레목 | R11: 다듬이벌레류 | S11: psocodea spp. | T11: 직접가해해충 | U11: 2
A12: data_0035 | B12: 718ef91e | C12: 120000044955 | D12: 모니터링 1차 | E12: C35 | F12: 1층 | G12: 290.76116 | H12: 174.10584 | I12: 2 | J12: 2026-03-12 | K12: 2026-05-11 | L12: 부산박물관 | M12: 지하1층 | N12: 전실 1 | O12: 거미강 | P12: 거미목 | Q12: 풀거미과 | R12: 집가게거미 | S12: Tegenaria domestica | T12: 간접가해해충 | U12: 1
A13: data_0035 | B13: b2fa9190 | C13: 5580002 | D13: 모니터링 1차 | E13: C35 | F13: 1층 | G13: 290.76116 | H13: 174.10584 | I13: 3 | J13: 2026-03-12 | K13: 2026-05-11 | L13: 부산박물관 | M13: 지하1층 | N13: 전실 1 | O13: 거미강 | P13: 거미목 | Q13: 꼬마거미과 | R13: 꼬마거미류 | S13: Theridiida sp. | T13: 간접가해해충 | U13: 1
A14: data_0036 | B14: d0364f3c | C14: 5580003 | D14: 모니터링 1차 | E14: C36 | F14: 1층 | G14: 318.63544 | H14: 192.74395 | I14: 1 | J14: 2026-03-12 | K14: 2026-05-11 | L14: 부산박물관 | M14: 지하1층 | N14: 수장고 1 | O14: 곤충강 | P14: 다듬이벌레목 | R14: 다듬이벌레류 | S14: psocodea spp. | T14: 직접가해해충 | U14: 2
A15: data_0039 | B15: f85153f7 | C15: 5580003 | D15: 모니터링 1차 | E15: C39 | F15: 1층 | G15: 446.5546 | H15: 262.09188 | I15: 1 | J15: 2026-03-12 | K15: 2026-05-11 | L15: 부산박물관 | M15: 지하1층 | N15: 수장고 1 | O15: 곤충강 | P15: 다듬이벌레목 | R15: 다듬이벌레류 | S15: psocodea spp. | T15: 직접가해해충 | U15: 1
A16: data_0048 | B16: 2572effa | C16: 5580001 | D16: 모니터링 1차 | E16: C48 | F16: 1층 | G16: 227.441 | H16: 182.75207 | I16: 1 | J16: 2026-03-12 | K16: 2026-05-11 | L16: 부산박물관 | M16: 지하1층 | N16: 복도 | O16: 곤충강 | P16: 파리목 | Q16: 나방파리과 | R16: 나방파리류 | S16: psychoda sp. | T16: 위생해충 | U16: 1
A17: data_0048 | B17: 00ef214f | C17: 5580002 | D17: 모니터링 1차 | E17: C48 | F17: 1층 | G17: 227.441 | H17: 182.75207 | I17: 2 | J17: 2026-03-12 | K17: 2026-05-11 | L17: 부산박물관 | M17: 지하1층 | N17: 복도 | O17: 거미강 | P17: 거미목 | Q17: 꼬마거미과 | R17: 꼬마거미류 | S17: Theridiida sp. | T17: 간접가해해충 | U17: 1
A18: data_0049 | B18: 62b03bad | C18: 120000044467 | D18: 모니터링 1차 | E18: C49 | F18: 1층 | G18: 227.441 | H18: 195.26885 | I18: 1 | J18: 2026-03-12 | K18: 2026-05-11 | L18: 부산박물관 | M18: 지하1층 | N18: 복도 | O18: 거미강 | P18: 거미목 | Q18: 유령거미과 | R18: 집유령거미 | S18: Pholcus phalangioides | T18: 간접가해해충 | U18: 1
A19: data_0049 | B19: c3dca085 | C19: 5580002 | D19: 모니터링 1차 | E19: C49 | F19: 1층 | G19: 227.441 | H19: 195.26885 | I19: 2 | J19: 2026-03-12 | K19: 2026-05-11 | L19: 부산박물관 | M19: 지하1층 | N19: 복도 | O19: 거미강 | P19: 거미목 | Q19: 꼬마거미과 | R19: 꼬마거미류 | S19: Theridiida sp. | T19: 간접가해해충 | U19: 1
A20: data_0051 | B20: 6ab16d4c | C20: 120000044467 | D20: 모니터링 1차 | E20: C51 | F20: 1층 | G20: 249.00191 | H20: 195.26885 | I20: 1 | J20: 2026-03-12 | K20: 2026-05-11 | L20: 부산박물관 | M20: 지하1층 | N20: 복도 | O20: 거미강 | P20: 거미목 | Q20: 유령거미과 | R20: 집유령거미 | S20: Pholcus phalangioides | T20: 간접가해해충 | U20: 1
A21: data_0052 | B21: 80105542 | C21: 5580002 | D21: 모니터링 1차 | E21: C52 | F21: 1층 | G21: 255.67166 | H21: 215.96301 | I21: 1 | J21: 2026-03-12 | K21: 2026-05-11 | L21: 부산박물관 | M21: 지하1층 | N21: 복도 | O21: 거미강 | P21: 거미목 | Q21: 꼬마거미과 | R21: 꼬마거미류 | S21: Theridiida sp. | T21: 간접가해해충 | U21: 1
A22: data_0052 | B22: 0e8db917 | C22: 120000022542 | D22: 모니터링 1차 | E22: C52 | F22: 1층 | G22: 255.67166 | H22: 215.96301 | I22: 2 | J22: 2026-03-12 | K22: 2026-05-11 | L22: 부산박물관 | M22: 지하1층 | N22: 복도 | O22: 곤충강 | P22: 파리목 | Q22: 벼룩파리과 | R22: 벼룩파리 | S22: Diplonevra bifasciata | T22: 위생해충 | U22: 1
A23: data_0053 | B23: 1b57fd60 | C23: 120000044467 | D23: 모니터링 1차 | E23: C53 | F23: 1층 | G23: 255.67166 | H23: 224.94094 | I23: 1 | J23: 2026-03-12 | K23: 2026-05-11 | L23: 부산박물관 | M23: 지하1층 | N23: 복도 | O23: 거미강 | P23: 거미목 | Q23: 유령거미과 | R23: 집유령거미 | S23: Pholcus phalangioides | T23: 간접가해해충 | U23: 1
A24: data_0053 | B24: b9bf2de6 | C24: 5580001 | D24: 모니터링 1차 | E24: C53 | F24: 1층 | G24: 255.67166 | H24: 224.94094 | I24: 2 | J24: 2026-03-12 | K24: 2026-05-11 | L24: 부산박물관 | M24: 지하1층 | N24: 복도 | O24: 곤충강 | P24: 파리목 | Q24: 나방파리과 | R24: 나방파리류 | S24: psychoda sp. | T24: 간접가해해충 | U24: 1
A25: data_0053 | B25: 2ce6b7ba | C25: 120000237106 | D25: 모니터링 1차 | E25: C53 | F25: 1층 | G25: 255.67166 | H25: 224.94094 | I25: 3 | J25: 2026-03-12 | K25: 2026-05-11 | L25: 부산박물관 | M25: 지하1층 | N25: 복도 | O25: 곤충강 | P25: 파리목 | Q25: 검정날개버섯파리과 | R25: 검정날개버섯파리 | S25: Dolichosciara flavipes | T25: 위생해충 | U25: 1
A26: data_0055 | B26: 435638a9 | C26: 120000237106 | D26: 모니터링 1차 | E26: C55 | F26: 1층 | G26: 265.50252 | H26: 270.34656 | I26: 1 | J26: 2026-03-12 | K26: 2026-05-11 | L26: 부산박물관 | M26: 지하1층 | N26: 복도 | O26: 곤충강 | P26: 파리목 | Q26: 검정날개버섯파리과 | R26: 검정날개버섯파리 | S26: Dolichosciara flavipes | T26: 위생해충 | U26: 1
A27: data_0055 | B27: 52384aae | C27: 5580001 | D27: 모니터링 1차 | E27: C55 | F27: 1층 | G27: 265.50252 | H27: 270.34656 | I27: 2 | J27: 2026-03-12 | K27: 2026-05-11 | L27: 부산박물관 | M27: 지하1층 | N27: 복도 | O27: 곤충강 | P27: 파리목 | Q27: 나방파리과 | R27: 나방파리류 | S27: psychoda sp. | T27: 위생해충 | U27: 2
... A34: data_0063 | B34: d544680c | C34: 120000022542 | D34: 모니터링 1차 | E34: F03 | F34: 1층 | G34: 286.05633 | H34: 185.09234 | I34: 1 | J34: 2026-03-12 | K34: 2026-05-11 | L34: 부산박물관 | M34: 지하1층 | N34: 복도 | O34: 곤충강 | P34: 파리목 | Q34: 벼룩파리과 | R34: 벼룩파리 | S34: Diplonevra bifasciata | T34: 위생해충 | U34: 3

Sheet Flouris용
A1: 도면종류 | B1: 트랩번호 | C1: X좌표 | D1: Y좌표 | E1: 해충종류 | F1: 해충유형 | G1: 개체수 | H1: 정보
A2: =모니터링결과!F2 -> 1층 | B2: =모니터링결과!E2 -> C01 | C2: =모니터링결과!G2 -> 256.321 | D2: =모니터링결과!H2 -> 258.757 | E2: =모니터링결과!R2 -> 꼬마거미류 | F2: =모니터링결과!T2 -> 간접가해해충 | G2: =모니터링결과!U2 -> 2 | H2: {=_xlfn.TEXTJOIN("<br>", TRUE, _xlfn.MAP(_xlfn.SORTBY(_xlfn.UNIQUE(_xlfn._xlws.FILTER(OFFSET($F$2, 0, 0, COUNTA($B:$B)-1), OFFSET($B$2, 0, 0, COUNTA($B:$B)-1)=B2)), MATCH(_xlfn.UNIQUE(_xlfn._xlws.FILTER(OFFSET($F$2, 0, 0, COUNTA($B:$B)-1), OFFSET($B$2, 0, 0, COUNTA($B:$B)-1)=B2)), {"직접가해해충","간접가해해충","위생해충"}, 0)), _xlfn.LAMBDA(_xlpm.type, _xlpm.type & " : " & _xlfn.TEXTJOIN(", ", TRUE, _xlfn._xlws.FILTER(OFFSET($E$2, 0, 0, COUNTA($B:$B)-1)&"("&OFFSET($G$2, 0, 0, COUNTA($B:$B)-1)&")", (OFFSET($B$2, 0, 0, COUNTA($B:$B)-1)=B2)*(OFFSET($F$2, 0, 0, COUNTA($B:$B)-1)=_xlpm.type))))))} -> 간접가해해충 : 꼬마거미류(2)
A3: =모니터링결과!F3 -> 1층 | B3: =모니터링결과!E3 -> C03 | C3: =모니터링결과!G3 -> 232.26153 | D3: =모니터링결과!H3 -> 312.65871 | E3: =모니터링결과!R3 -> 꼬마거미류 | F3: =모니터링결과!T3 -> 간접가해해충 | G3: =모니터링결과!U3 -> 1 | H3: {=_xlfn.TEXTJOIN("<br>", TRUE, _xlfn.MAP(_xlfn.SORTBY(_xlfn.UNIQUE(_xlfn._xlws.FILTER(OFFSET($F$2, 0, 0, COUNTA($B:$B)-1), OFFSET($B$2, 0, 0, COUNTA($B:$B)-1)=B3)), MATCH(_xlfn.UNIQUE(_xlfn._xlws.FILTER(OFFSET($F$2, 0, 0, COUNTA($B:$B)-1), OFFSET($B$2, 0, 0, COUNTA($B:$B)-1)=B3)), {"직접가해해충","간접가해해충","위생해충"}, 0)), _xlfn.LAMBDA(_xlpm.type, _xlpm.type & " : " & _xlfn.TEXTJOIN(", ", TRUE, _xlfn._xlws.FILTER(OFFSET($E$2, 0, 0, COUNTA($B:$B)-1)&"("&OFFSET($G$2, 0, 0, COUNTA($B:$B)-1)&")", (OFFSET($B$2, 0, 0, COUNTA($B:$B)-1)=B3)*(OFFSET($F$2, 0, 0, COUNTA($B:$B)-1)=_xlpm.type))))))} -> 간접가해해충 : 꼬마거미류(1)
A4: =모니터링결과!F4 -> 1층 | B4: =모니터링결과!E4 -> C12 | C4: =모니터링결과!G4 -> 253.90089 | D4: =모니터링결과!H4 -> 312.65871 | E4: =모니터링결과!R4 -> 꼬마거미류 | F4: =모니터링결과!T4 -> 간접가해해충 | G4: =모니터링결과!U4 -> 1 | H4: {=_xlfn.TEXTJOIN("<br>", TRUE, _xlfn.MAP(_xlfn.SORTBY(_xlfn.UNIQUE(_xlfn._xlws.FILTER(OFFSET($F$2, 0, 0, COUNTA($B:$B)-1), OFFSET($B$2, 0, 0, COUNTA($B:$B)-1)=B4)), MATCH(_xlfn.UNIQUE(_xlfn._xlws.FILTER(OFFSET($F$2, 0, 0, COUNTA($B:$B)-1), OFFSET($B$2, 0, 0, COUNTA($B:$B)-1)=B4)), {"직접가해해충","간접가해해충","위생해충"}, 0)), _xlfn.LAMBDA(_xlpm.type, _xlpm.type & " : " & _xlfn.TEXTJOIN(", ", TRUE, _xlfn._xlws.FILTER(OFFSET($E$2, 0, 0, COUNTA($B:$B)-1)&"("&OFFSET($G$2, 0, 0, COUNTA($B:$B)-1)&")", (OFFSET($B$2, 0, 0, COUNTA($B:$B)-1)=B4)*(OFFSET($F$2, 0, 0, COUNTA($B:$B)-1)=_xlpm.type))))))} -> 간접가해해충 : 꼬마거미류(1)<br>위생해충 : 나방파리류(1)
A5: =모니터링결과!F5 -> 1층 | B5: =모니터링결과!E5 -> C12 | C5: =모니터링결과!G5 -> 253.90089 | D5: =모니터링결과!H5 -> 312.65871 | E5: =모니터링결과!R5 -> 나방파리류 | F5: =모니터링결과!T5 -> 위생해충 | G5: =모니터링결과!U5 -> 1 | H5: {=_xlfn.TEXTJOIN("<br>", TRUE, _xlfn.MAP(_xlfn.SORTBY(_xlfn.UNIQUE(_xlfn._xlws.FILTER(OFFSET($F$2, 0, 0, COUNTA($B:$B)-1), OFFSET($B$2, 0, 0, COUNTA($B:$B)-1)=B5)), MATCH(_xlfn.UNIQUE(_xlfn._xlws.FILTER(OFFSET($F$2, 0, 0, COUNTA($B:$B)-1), OFFSET($B$2, 0, 0, COUNTA($B:$B)-1)=B5)), {"직접가해해충","간접가해해충","위생해충"}, 0)), _xlfn.LAMBDA(_xlpm.type, _xlpm.type & " : " & _xlfn.TEXTJOIN(", ", TRUE, _xlfn._xlws.FILTER(OFFSET($E$2, 0, 0, COUNTA($B:$B)-1)&"("&OFFSET($G$2, 0, 0, COUNTA($B:$B)-1)&")", (OFFSET($B$2, 0, 0, COUNTA($B:$B)-1)=B5)*(OFFSET($F$2, 0, 0, COUNTA($B:$B)-1)=_xlpm.type))))))} -> 간접가해해충 : 꼬마거미류(1)<br>위생해충 : 나방파리류(1)
A6: =모니터링결과!F6 -> 1층 | B6: =모니터링결과!E6 -> C20 | C6: =모니터링결과!G6 -> 212.13055 | D6: =모니터링결과!H6 -> 267.01169 | E6: =모니터링결과!R6 -> 다듬이벌레류 | F6: =모니터링결과!T6 -> 직접가해해충 | G6: =모니터링결과!U6 -> 6 | H6: {=_xlfn.TEXTJOIN("<br>", TRUE, _xlfn.MAP(_xlfn.SORTBY(_xlfn.UNIQUE(_xlfn._xlws.FILTER(OFFSET($F$2, 0, 0, COUNTA($B:$B)-1), OFFSET($B$2, 0, 0, COUNTA($B:$B)-1)=B6)), MATCH(_xlfn.UNIQUE(_xlfn._xlws.FILTER(OFFSET($F$2, 0, 0, COUNTA($B:$B)-1), OFFSET($B$2, 0, 0, COUNTA($B:$B)-1)=B6)), {"직접가해해충","간접가해해충","위생해충"}, 0)), _xlfn.LAMBDA(_xlpm.type, _xlpm.type & " : " & _xlfn.TEXTJOIN(", ", TRUE, _xlfn._xlws.FILTER(OFFSET($E$2, 0, 0, COUNTA($B:$B)-1)&"("&OFFSET($G$2, 0, 0, COUNTA($B:$B)-1)&")", (OFFSET($B$2, 0, 0, COUNTA($B:$B)-1)=B6)*(OFFSET($F$2, 0, 0, COUNTA($B:$B)-1)=_xlpm.type))))))} -> 직접가해해충 : 다듬이벌레류(6)
A7: =모니터링결과!F7 -> 1층 | B7: =모니터링결과!E7 -> C25 | C7: =모니터링결과!G7 -> 48.174459 | D7: =모니터링결과!H7 -> 365.83636 | E7: =모니터링결과!R7 -> 다듬이벌레류 | F7: =모니터링결과!T7 -> 직접가해해충 | G7: =모니터링결과!U7 -> 1 | H7: {=_xlfn.TEXTJOIN("<br>", TRUE, _xlfn.MAP(_xlfn.SORTBY(_xlfn.UNIQUE(_xlfn._xlws.FILTER(OFFSET($F$2, 0, 0, COUNTA($B:$B)-1), OFFSET($B$2, 0, 0, COUNTA($B:$B)-1)=B7)), MATCH(_xlfn.UNIQUE(_xlfn._xlws.FILTER(OFFSET($F$2, 0, 0, COUNTA($B:$B)-1), OFFSET($B$2, 0, 0, COUNTA($B:$B)-1)=B7)), {"직접가해해충","간접가해해충","위생해충"}, 0)), _xlfn.LAMBDA(_xlpm.type, _xlpm.type & " : " & _xlfn.TEXTJOIN(", ", TRUE, _xlfn._xlws.FILTER(OFFSET($E$2, 0, 0, COUNTA($B:$B)-1)&"("&OFFSET($G$2, 0, 0, COUNTA($B:$B)-1)&")", (OFFSET($B$2, 0, 0, COUNTA($B:$B)-1)=B7)*(OFFSET($F$2, 0, 0, COUNTA($B:$B)-1)=_xlpm.type))))))} -> 직접가해해충 : 다듬이벌레류(1)
A8: =모니터링결과!F8 -> 1층 | B8: =모니터링결과!E8 -> C34 | C8: =모니터링결과!G8 -> 290.76116 | D8: =모니터링결과!H8 -> 196.07883 | E8: =모니터링결과!R8 -> 꼬마거미류 | F8: =모니터링결과!T8 -> 간접가해해충 | G8: =모니터링결과!U8 -> 1 | H8: {=_xlfn.TEXTJOIN("<br>", TRUE, _xlfn.MAP(_xlfn.SORTBY(_xlfn.UNIQUE(_xlfn._xlws.FILTER(OFFSET($F$2, 0, 0, COUNTA($B:$B)-1), OFFSET($B$2, 0, 0, COUNTA($B:$B)-1)=B8)), MATCH(_xlfn.UNIQUE(_xlfn._xlws.FILTER(OFFSET($F$2, 0, 0, COUNTA($B:$B)-1), OFFSET($B$2, 0, 0, COUNTA($B:$B)-1)=B8)), {"직접가해해충","간접가해해충","위생해충"}, 0)), _xlfn.LAMBDA(_xlpm.type, _xlpm.type & " : " & _xlfn.TEXTJOIN(", ", TRUE, _xlfn._xlws.FILTER(OFFSET($E$2, 0, 0, COUNTA($B:$B)-1)&"("&OFFSET($G$2, 0, 0, COUNTA($B:$B)-1)&")", (OFFSET($B$2, 0, 0, COUNTA($B:$B)-1)=B8)*(OFFSET($F$2, 0, 0, COUNTA($B:$B)-1)=_xlpm.type))))))} -> 직접가해해충 : 다듬이벌레류(2)<br>간접가해해충 : 꼬마거미류(1)<br>위생해충 : 나방파리류(1)
A9: =모니터링결과!F9 -> 1층 | B9: =모니터링결과!E9 -> C34 | C9: =모니터링결과!G9 -> 290.76116 | D9: =모니터링결과!H9 -> 196.07883 | E9: =모니터링결과!R9 -> 나방파리류 | F9: =모니터링결과!T9 -> 위생해충 | G9: =모니터링결과!U9 -> 1 | H9: {=_xlfn.TEXTJOIN("<br>", TRUE, _xlfn.MAP(_xlfn.SORTBY(_xlfn.UNIQUE(_xlfn._xlws.FILTER(OFFSET($F$2, 0, 0, COUNTA($B:$B)-1), OFFSET($B$2, 0, 0, COUNTA($B:$B)-1)=B9)), MATCH(_xlfn.UNIQUE(_xlfn._xlws.FILTER(OFFSET($F$2, 0, 0, COUNTA($B:$B)-1), OFFSET($B$2, 0, 0, COUNTA($B:$B)-1)=B9)), {"직접가해해충","간접가해해충","위생해충"}, 0)), _xlfn.LAMBDA(_xlpm.type, _xlpm.type & " : " & _xlfn.TEXTJOIN(", ", TRUE, _xlfn._xlws.FILTER(OFFSET($E$2, 0, 0, COUNTA($B:$B)-1)&"("&OFFSET($G$2, 0, 0, COUNTA($B:$B)-1)&")", (OFFSET($B$2, 0, 0, COUNTA($B:$B)-1)=B9)*(OFFSET($F$2, 0, 0, COUNTA($B:$B)-1)=_xlpm.type))))))} -> 직접가해해충 : 다듬이벌레류(2)<br>간접가해해충 : 꼬마거미류(1)<br>위생해충 : 나방파리류(1)
A10: =모니터링결과!F10 -> 1층 | B10: =모니터링결과!E10 -> C34 | C10: =모니터링결과!G10 -> 290.76116 | D10: =모니터링결과!H10 -> 196.07883 | E10: =모니터링결과!R10 -> 다듬이벌레류 | F10: =모니터링결과!T10 -> 직접가해해충 | G10: =모니터링결과!U10 -> 2 | H10: {=_xlfn.TEXTJOIN("<br>", TRUE, _xlfn.MAP(_xlfn.SORTBY(_xlfn.UNIQUE(_xlfn._xlws.FILTER(OFFSET($F$2, 0, 0, COUNTA($B:$B)-1), OFFSET($B$2, 0, 0, COUNTA($B:$B)-1)=B10)), MATCH(_xlfn.UNIQUE(_xlfn._xlws.FILTER(OFFSET($F$2, 0, 0, COUNTA($B:$B)-1), OFFSET($B$2, 0, 0, COUNTA($B:$B)-1)=B10)), {"직접가해해충","간접가해해충","위생해충"}, 0)), _xlfn.LAMBDA(_xlpm.type, _xlpm.type & " : " & _xlfn.TEXTJOIN(", ", TRUE, _xlfn._xlws.FILTER(OFFSET($E$2, 0, 0, COUNTA($B:$B)-1)&"("&OFFSET($G$2, 0, 0, COUNTA($B:$B)-1)&")", (OFFSET($B$2, 0, 0, COUNTA($B:$B)-1)=B10)*(OFFSET($F$2, 0, 0, COUNTA($B:$B)-1)=_xlpm.type))))))} -> 직접가해해충 : 다듬이벌레류(2)<br>간접가해해충 : 꼬마거미류(1)<br>위생해충 : 나방파리류(1)
A11: =모니터링결과!F11 -> 1층 | B11: =모니터링결과!E11 -> C35 | C11: =모니터링결과!G11 -> 290.76116 | D11: =모니터링결과!H11 -> 174.10584 | E11: =모니터링결과!R11 -> 다듬이벌레류 | F11: =모니터링결과!T11 -> 직접가해해충 | G11: =모니터링결과!U11 -> 2 | H11: {=_xlfn.TEXTJOIN("<br>", TRUE, _xlfn.MAP(_xlfn.SORTBY(_xlfn.UNIQUE(_xlfn._xlws.FILTER(OFFSET($F$2, 0, 0, COUNTA($B:$B)-1), OFFSET($B$2, 0, 0, COUNTA($B:$B)-1)=B11)), MATCH(_xlfn.UNIQUE(_xlfn._xlws.FILTER(OFFSET($F$2, 0, 0, COUNTA($B:$B)-1), OFFSET($B$2, 0, 0, COUNTA($B:$B)-1)=B11)), {"직접가해해충","간접가해해충","위생해충"}, 0)), _xlfn.LAMBDA(_xlpm.type, _xlpm.type & " : " & _xlfn.TEXTJOIN(", ", TRUE, _xlfn._xlws.FILTER(OFFSET($E$2, 0, 0, COUNTA($B:$B)-1)&"("&OFFSET($G$2, 0, 0, COUNTA($B:$B)-1)&")", (OFFSET($B$2, 0, 0, COUNTA($B:$B)-1)=B11)*(OFFSET($F$2, 0, 0, COUNTA($B:$B)-1)=_xlpm.type))))))} -> 직접가해해충 : 다듬이벌레류(2)<br>간접가해해충 : 집가게거미(1), 꼬마거미류(1)
A12: =모니터링결과!F12 -> 1층 | B12: =모니터링결과!E12 -> C35 | C12: =모니터링결과!G12 -> 290.76116 | D12: =모니터링결과!H12 -> 174.10584 | E12: =모니터링결과!R12 -> 집가게거미 | F12: =모니터링결과!T12 -> 간접가해해충 | G12: =모니터링결과!U12 -> 1 | H12: {=_xlfn.TEXTJOIN("<br>", TRUE, _xlfn.MAP(_xlfn.SORTBY(_xlfn.UNIQUE(_xlfn._xlws.FILTER(OFFSET($F$2, 0, 0, COUNTA($B:$B)-1), OFFSET($B$2, 0, 0, COUNTA($B:$B)-1)=B12)), MATCH(_xlfn.UNIQUE(_xlfn._xlws.FILTER(OFFSET($F$2, 0, 0, COUNTA($B:$B)-1), OFFSET($B$2, 0, 0, COUNTA($B:$B)-1)=B12)), {"직접가해해충","간접가해해충","위생해충"}, 0)), _xlfn.LAMBDA(_xlpm.type, _xlpm.type & " : " & _xlfn.TEXTJOIN(", ", TRUE, _xlfn._xlws.FILTER(OFFSET($E$2, 0, 0, COUNTA($B:$B)-1)&"("&OFFSET($G$2, 0, 0, COUNTA($B:$B)-1)&")", (OFFSET($B$2, 0, 0, COUNTA($B:$B)-1)=B12)*(OFFSET($F$2, 0, 0, COUNTA($B:$B)-1)=_xlpm.type))))))} -> 직접가해해충 : 다듬이벌레류(2)<br>간접가해해충 : 집가게거미(1), 꼬마거미류(1)
A13: =모니터링결과!F13 -> 1층 | B13: =모니터링결과!E13 -> C35 | C13: =모니터링결과!G13 -> 290.76116 | D13: =모니터링결과!H13 -> 174.10584 | E13: =모니터링결과!R13 -> 꼬마거미류 | F13: =모니터링결과!T13 -> 간접가해해충 | G13: =모니터링결과!U13 -> 1 | H13: {=_xlfn.TEXTJOIN("<br>", TRUE, _xlfn.MAP(_xlfn.SORTBY(_xlfn.UNIQUE(_xlfn._xlws.FILTER(OFFSET($F$2, 0, 0, COUNTA($B:$B)-1), OFFSET($B$2, 0, 0, COUNTA($B:$B)-1)=B13)), MATCH(_xlfn.UNIQUE(_xlfn._xlws.FILTER(OFFSET($F$2, 0, 0, COUNTA($B:$B)-1), OFFSET($B$2, 0, 0, COUNTA($B:$B)-1)=B13)), {"직접가해해충","간접가해해충","위생해충"}, 0)), _xlfn.LAMBDA(_xlpm.type, _xlpm.type & " : " & _xlfn.TEXTJOIN(", ", TRUE, _xlfn._xlws.FILTER(OFFSET($E$2, 0, 0, COUNTA($B:$B)-1)&"("&OFFSET($G$2, 0, 0, COUNTA($B:$B)-1)&")", (OFFSET($B$2, 0, 0, COUNTA($B:$B)-1)=B13)*(OFFSET($F$2, 0, 0, COUNTA($B:$B)-1)=_xlpm.type))))))} -> 직접가해해충 : 다듬이벌레류(2)<br>간접가해해충 : 집가게거미(1), 꼬마거미류(1)
... A34: =모니터링결과!F34 -> 1층 | B34: =모니터링결과!E34 -> F03 | C34: =모니터링결과!G34 -> 286.05633 | D34: =모니터링결과!H34 -> 185.09234 | E34: =모니터링결과!R34 -> 벼룩파리 | F34: =모니터링결과!T34 -> 위생해충 | G34: =모니터링결과!U34 -> 3 | H34: {=_xlfn.TEXTJOIN("<br>", TRUE, _xlfn.MAP(_xlfn.SORTBY(_xlfn.UNIQUE(_xlfn._xlws.FILTER(OFFSET($F$2, 0, 0, COUNTA($B:$B)-1), OFFSET($B$2, 0, 0, COUNTA($B:$B)-1)=B34)), MATCH(_xlfn.UNIQUE(_xlfn._xlws.FILTER(OFFSET($F$2, 0, 0, COUNTA($B:$B)-1), OFFSET($B$2, 0, 0, COUNTA($B:$B)-1)=B34)), {"직접가해해충","간접가해해충","위생해충"}, 0)), _xlfn.LAMBDA(_xlpm.type, _xlpm.type & " : " & _xlfn.TEXTJOIN(", ", TRUE, _xlfn._xlws.FILTER(OFFSET($E$2, 0, 0, COUNTA($B:$B)-1)&"("&OFFSET($G$2, 0, 0, COUNTA($B:$B)-1)&")", (OFFSET($B$2, 0, 0, COUNTA($B:$B)-1)=B34)*(OFFSET($F$2, 0, 0, COUNTA($B:$B)-1)=_xlpm.type))))))} -> 위생해충 : 벼룩파리(3)
